{"n_docs": 13550, "n_total_tokens": 5219, "avg_tokens_per_doc": {"title": 6.316826568265682, "h1": 4.240811808118081}}